Lat,Long,State_Name,District_Name,Blocks,Villages,Clusters,Total_Population,Growth_Rate,Sex_Ratio,Overall_Literacy,Female_Literacy,Male_Literacy,Area_Sqkm

34.4319232,74.12399599999999,Jammu & Kashmir,Kupwara,13,391,104,875564,34.62,843,66.92,54.79,77.1,2379

34.1595145,74.35874729999999,Jammu & Kashmir,Baramula,18,678,144,1015503,20.34,873,66.93,55.01,77.35,4243

34.0836708,74.7972825,Jammu & Kashmir,Srinagar,8,94,65,1269751,23.56,879,71.21,63.47,77.95,1979

33.9348549,74.64004320000001,Jammu & Kashmir,Badgam,13,523,104,735753,21.18,883,57.98,46.6,68.56,1361

33.8716117,74.89456919999999,Jammu & Kashmir,Pulwama,8,359,64,570060,29.18,913,65,53.81,75.41,1086

33.7311255,75.14870069999999,Jammu & Kashmir,Anantnag,12,523,96,1070144,37.48,937,64.32,54.15,74.13,3574

34.15258639999999,77.57705349999999,Jammu & Kashmir,Leh (Ladakh),6,110,49,147104,25.48,583,80.48,64.52,89.39,45110

34.55385219999999,76.1348944,Jammu & Kashmir,Kargil,7,134,54,143388,20.18,775,74.49,58.05,86.73,14036

33.0469201,75.62080879999999,Jammu & Kashmir,Doda,10,388,80,409576,27.89,922,65.97,50.34,80.36,8912

32.9159847,75.1416173,Jammu & Kashmir,Udhampur,11,361,86,555357,20.86,863,69.9,58.22,79.93,2637

33.76700140000001,74.0924041,Jammu & Kashmir,Punch,11,187,95,476820,27.97,890,68.69,54.8,81.04,1674

33.3716143,74.315191,Jammu & Kashmir,Rajauri,15,390,120,619266,28.14,863,68.54,57.2,78.38,2630

32.7266016,74.8570259,Jammu & Kashmir,Jammu,14,861,124,1526406,12.48,871,83.98,77.41,89.77,2342

32.3864799,75.51726880000001,Jammu & Kashmir,Kathua,12,495,98,615711,20.38,877,73.5,64.56,81.4,2502

33.7593643,74.8039205,Jammu & Kashmir,Shopian,4,253,32,265960,25.85,951,62.49,52.77,71.86,312

34.5052269,74.6868815,Jammu & Kashmir,Bandipora,5,205,40,385099,26.31,911,57.82,46.24,68.41,345

33.3115906,75.76621949999999,Jammu & Kashmir,Kishtwar,7,163,57,231037,21.06,917,58.54,44.13,71.75,1644

33.2427243,75.2391588,Jammu & Kashmir,Ramban,6,139,48,283313,31.81,901,56.9,40.04,71.97,1329

34.2164955,74.7719431,Jammu & Kashmir,Ganderbal,4,148,32,297003,36.3,869,59.99,47.62,70.74,259

33.6449908,75.018031,Jammu & Kashmir,Kulgam,6,282,48,422786,7.3,951,60.35,49.74,70.58,410

33.0804393,74.83647239999999,Jammu & Kashmir,Reasi,6,261,53,314714,27.06,891,59.42,47.55,69.93,1719

32.5530092,75.11075269999999,Jammu & Kashmir,Samba,5,318,35,318611,16.9,886,82.48,74.39,89.76,904

32.5533633,76.1258083,Himachal Pradesh,Chamba,15,1150,266,518844,12.58,989,73.19,62.14,84.19,6522

32.0998031,76.2691006,Himachal Pradesh,Kangra,19,1785,358,1507223,12.56,1013,86.49,80.62,92.55,5739

32.6192107,77.3783789,Himachal Pradesh,Lahul & Spiti,4,168,53,31528,-5.1,916,77.24,66.5,86.97,13841

31.957851,77.1094597,Himachal Pradesh,Kullu,6,193,131,437474,14.65,950,80.14,71.01,88.8,5503

31.5892006,76.91820969999999,Himachal Pradesh,Mandi,20,1804,380,999518,10.89,1012,82.81,74.33,91.51,3950

31.6861745,76.52130919999999,Himachal Pradesh,Hamirpur (H.P.),6,551,105,454293,10.08,1096,89.01,83.44,95.28,1118

31.468445,76.2707745,Himachal Pradesh,Una,6,394,102,521057,16.24,977,87.23,81.67,92.75,1540

31.3406931,76.6874701,Himachal Pradesh,Bilaspur (H.P.),5,519,118,382056,12.08,981,85.67,78.9,92.39,1167

30.9044857,77.0967357,Himachal Pradesh,Solan,7,983,149,576670,15.21,884,85.02,78.02,91.19,1936

30.5628455,77.4701972,Himachal Pradesh,Sirmaur,13,718,205,530164,15.61,915,79.98,72.55,86.76,2825

31.1048145,77.17340329999999,Himachal Pradesh,Shimla,20,1639,321,813384,12.58,916,84.55,77.8,90.73,5131

31.65095759999999,78.4751945,Himachal Pradesh,Kinnaur,3,216,55,84298,7.61,818,80.77,71.34,88.37,6401

32.0419424,75.40533669999999,Punjab,Gurdaspur,11,1107,166,2299026,9.3,895,81.06,75.73,85.9,3551

31.6339793,74.8722642,Punjab,Amritsar,9,816,125,2490891,15.48,884,77.2,72.75,81.2,2683

31.3714801,75.3936808,Punjab,Kapurthala,5,539,68,817668,8.37,912,80.18,75.36,84.6,1633

31.32601519999999,75.57618289999999,Punjab,Jalandhar,11,982,156,2181753,11.16,913,82.4,78.31,86.1,2624

31.5143178,75.911483,Punjab,Hoshiarpur,10,1266,175,1582793,6.85,962,85.43,80.78,89.9,3386

31.1242752,76.11559369999999,Punjab,Nawanshahr,5,448,64,614362,4.58,954,80.33,74.28,86.2,1282

30.9659168,76.5230234,Punjab,Rupnagar,5,529,60,683349,8.67,913,83.28,77.17,88.9,1356

30.6810924,76.4100267,Punjab,Fatehgarh Sahib,5,459,54,599814,11.39,871,80.33,75.53,84.5,1180

30.900965,75.8572758,Punjab,Ludhiana,12,1044,143,3487882,15,869,82.54,78.16,86.3,3578

30.82301140000001,75.17344709999999,Punjab,Moga,5,332,46,992289,10.9,893,71.59,67.41,75.3,2242

30.9331348,74.6224755,Punjab,Firozpur,6,666,79,2026831,16.08,893,69.85,62.24,76.7,5305

30.4766391,74.511172,Punjab,Muktsar,4,300,38,902702,16.1,895,66.79,60.03,72.9,2593

30.67694619999999,74.7583351,Punjab,Faridkot,2,234,30,618008,12.18,889,70.65,64.82,75.9,1458

30.210994,74.9454745,Punjab,Bathinda,8,394,45,1388859,17.37,865,69.57,62.92,75.3,3353

29.9995069,75.3936808,Punjab,Mansa,5,288,46,768808,11.62,880,62.78,56.41,68.4,2198

30.2457963,75.8420716,Punjab,Sangrur,10,707,97,1654408,12.3,883,68.88,62.86,74.2,3625

30.3397809,76.3868797,Punjab,Patiala,8,995,124,1892282,19.4,888,76.26,70.47,81.4,3325

30.7046486,76.71787259999999,Punjab,Mohali,3,479,63,986147,32.02,878,84.87,80.01,89.2,1094

31.4538668,74.9267599,Punjab,Taran Taran,8,512,60,1120070,19.28,898,69.43,62.88,75.4,2414

30.38194459999999,75.5467979,Punjab,Barnala,3,197,21,596294,13.16,876,68.9,64.14,73.1,1482

30.7333148,76.7794179,Chandigarh,Chandigarh,20,84,20,1054686,17.1,818,86.43,81.38,90.54,114

30.7268307,78.4354042,Uttarakhand,Uttarkashi,6,662,61,329686,11.75,959,75.98,62.23,89.26,8016

30.2937439,79.560344,Uttarakhand,Chamoli,9,809,78,391114,5.6,1021,83.48,73.2,94.18,8030

30.28441410000001,78.9811407,Uttarakhand,Rudraprayag,3,537,46,236857,4.14,1120,82.09,70.94,94.97,1984

30.3011858,78.5660852,Uttarakhand,Tehri Garhwal,9,1468,115,616409,1.93,1078,75.1,61.77,89.91,3642

30.3164945,78.03219179999999,Uttarakhand,Dehradun,6,953,82,1698560,32.48,902,85.24,79.61,90.32,3088

29.86876819999999,78.8382644,Uttarakhand,Garhwal,15,1735,130,686527,-1.51,1103,82.59,73.26,93.18,5329

29.5828604,80.2181884,Uttarakhand,Pithoragarh,8,948,92,485993,5.13,1021,82.93,72.97,93.45,7090

29.8403606,79.769426,Uttarakhand,Bageshwar,3,584,46,259840,5.13,1093,80.69,69.59,93.2,2241

29.5892407,79.646666,Uttarakhand,Almora,11,1401,107,621927,-1.73,1142,81.06,70.44,93.57,3144

29.3360974,80.0910275,Uttarakhand,Champawat,4,498,40,259315,15.49,981,80.73,68.81,92.65,1766

29.3803039,79.4635658,Uttarakhand,Nainital,8,1040,78,955128,25.2,933,84.85,78.21,91.09,4251

28.9609653,79.5153773,Uttarakhand,Udham Singh Nagar,7,683,66,1648367,33.4,919,74.44,65.73,82.48,2542

29.9456906,78.16424780000001,Uttarakhand,Hardwar,6,671,54,1927029,33.16,879,74.62,65.96,82.26,2360

30.6942091,76.860565,Haryana,Panchkula,4,279,43,558890,19.32,870,83.44,77.48,88.65,898

30.3781788,76.7766974,Haryana,Ambala,6,431,75,1136784,12.06,882,82.89,76.64,88.47,1574

30.1290485,77.2673901,Haryana,Yamunanagar,6,591,80,1214162,16.56,877,78.93,71.99,85.06,1768

29.9695121,76.878282,Haryana,Kurukshetra,6,439,80,964231,16.81,889,76.7,69.18,83.46,1530

29.7856734,76.39845369999999,Haryana,Kaithal,6,297,56,1072861,13.39,880,70.56,60.69,79.33,2317

29.6856929,76.9904825,Haryana,Karnal,6,468,110,1506323,18.22,886,76.44,68.29,83.73,2520

29.3909464,76.9635023,Haryana,Panipat,6,201,43,1202811,24.33,861,77.46,68.23,85.45,1268

28.99308229999999,77.0150735,Haryana,Sonipat,8,350,84,1480080,15.71,853,80.83,70.88,89.4,2122

29.3211153,76.30583279999999,Haryana,Jind,7,314,60,1332042,11.95,870,72.73,61.58,82.49,2702

29.5077159,75.4519516,Haryana,Fatehabad,6,284,60,941522,16.79,903,69.13,59.29,78.1,2538

29.53359309999999,75.0177029,Haryana,Sirsa,7,422,99,1295114,15.98,896,70.35,61.16,78.64,4277

29.1491875,75.7216527,Haryana,Hisar,9,351,130,1742815,13.38,871,73.24,62.31,82.79,3983

28.7751693,75.9927652,Haryana,Bhiwani,10,531,116,1629109,14.32,884,76.74,64.8,87.39,4778

28.8955152,76.606611,Haryana,Rohtak,5,152,43,1058683,12.61,868,80.37,71.19,88.42,1745

28.6054875,76.6537749,Haryana,Jhajjar,5,256,45,956907,8.73,861,80.83,70.96,89.44,1834

28.27101919999999,76.1493891,Haryana,Mahendragarh,8,384,99,921680,13.43,894,78.87,65.25,91.28,1899

28.1927631,76.6239423,Haryana,Rewari,5,396,75,896129,17.09,898,82.23,70.54,92.92,1594

28.4594965,77.0266383,Haryana,Gurgaon,4,325,81,1514085,73.93,853,84.44,77.64,90.27,1258

28.4089123,77.3177894,Haryana,Faridabad,2,211,33,1798954,31.75,871,83.04,75.17,89.94,741

28.0106916,77.0564464,Haryana,Mewat,5,450,60,1089406,37.94,906,56.14,37.58,72.98,1507

28.14873619999999,77.3320262,Haryana,Palwal,5,306,51,1040493,25.49,879,70.32,56.4,82.6,1359

28.71862109999999,77.0685134,Delhi,North West Delhi,9,224,9,3651261,27.63,862,84.66,78.76,89.74,443

28.7886037,77.1411602,Delhi,North Delhi,6,80,6,883418,13.04,871,86.81,81.92,91.06,61

28.7183693,77.2580268,Delhi,North East Delhi,6,133,6,2240749,26.73,886,82.8,76.51,88.39,62

28.6279559,77.29562729999999,Delhi,East Delhi,8,133,8,1707725,16.68,883,88.75,84.55,92.47,63

28.6139391,77.2090212,Delhi,New Delhi,7,29,7,133713,-25.35,811,89.38,84.83,93.04,35

28.6643427,77.2166836,Delhi,Central Delhi,8,68,8,578671,-10.48,892,85.25,82.6,87.6,21

28.6663433,77.067959,Delhi,West Delhi,7,182,7,2531583,18.91,876,87.12,82.5,91.17,130

28.5928929,77.03461639999999,Delhi,South West Delhi,9,153,9,2292363,30.62,836,88.81,83.07,93.62,421

28.4816551,77.18728569999999,Delhi,South Delhi,9,199,9,2733752,20.59,859,87.03,80.99,92.2,247

29.9038399,73.87719009999999,Rajasthan,Ganganagar,9,1937,378,1969520,10.06,887,70.25,60.07,79.33,10978

29.5815012,74.32941989999999,Rajasthan,Hanumangarh,7,994,284,1779650,17.24,906,68.37,56.91,78.82,9656

28.0229348,73.3119159,Rajasthan,Bikaner,7,866,293,2367745,41.42,903,65.92,53.77,76.9,30239

28.2925364,74.9707262,Rajasthan,Churu,7,1053,289,2041172,6.1,938,67.46,54.25,79.95,13835

28.12887469999999,75.3995089,Rajasthan,Jhunjhunun,8,1061,340,2139658,11.81,950,74.72,61.15,87.88,5928

27.5529907,76.6345735,Rajasthan,Alwar,14,1994,508,3671999,22.7,894,71.68,56.78,85.08,8380

27.216981,77.489515,Rajasthan,Bharatpur,10,1466,369,2549121,21.32,877,71.16,54.63,85.7,5066

26.7025181,77.893391,Rajasthan,Dhaulpur,5,825,222,1207293,22.78,845,70.14,55.45,82.53,3033

26.48832299999999,77.01614359999999,Rajasthan,Karauli,6,776,239,1458459,20.57,858,67.34,49.18,82.96,5524

26.03777719999999,76.3521514,Rajasthan,Sawai Madhopur,6,769,211,1338114,19.79,894,66.19,47.8,82.72,4498

26.8931931,76.3375284,Rajasthan,Dausa,6,1003,232,1637226,24.31,904,69.17,52.33,84.54,3432

26.9124336,75.7872709,Rajasthan,Jaipur,19,2269,592,6663971,26.91,909,76.44,64.63,87.27,11143

27.6094,75.139911,Rajasthan,Sikar,9,1147,354,2677737,17.04,944,72.98,58.76,86.66,7732

27.1983368,73.7493272,Rajasthan,Nagaur,14,1658,486,3309234,19.25,948,64.08,48.63,78.9,17718

26.23894689999999,73.02430939999999,Rajasthan,Jodhpur,17,1739,520,3685681,27.69,915,67.09,52.57,80.46,22850

26.9157487,70.9083443,Rajasthan,Jaisalmer,3,569,152,672008,32.22,849,58.04,40.23,73.09,38401

25.7531537,71.4180622,Rajasthan,Barmer,17,2317,504,2604453,32.55,900,57.49,41.03,72.32,28387

25.1256823,72.1416132,Rajasthan,Jalor,8,783,287,1830151,26.31,951,55.58,38.73,71.83,10640

24.8851548,72.8574558,Rajasthan,Sirohi,5,503,174,1037185,21.86,938,56.02,40.12,71.09,5136

25.7710893,73.3234478,Rajasthan,Pali,10,1118,330,2038533,11.99,987,63.23,48.35,78.16,12387

26.4498954,74.6399163,Rajasthan,Ajmer,10,1243,351,2584913,18.48,950,70.46,56.42,83.93,8481

26.1620402,75.7894716,Rajasthan,Tonk,6,1155,240,1421711,17.33,949,62.46,46.01,78.27,7194

25.4305144,75.6499025,Rajasthan,Bundi,5,946,200,1113725,15.7,922,62.31,47,76.52,5776

25.321377,74.586953,Rajasthan,Bhilwara,12,1852,410,2410459,19.7,969,62.71,47.93,77.16,10455

25.0714851,73.8830701,Rajasthan,Rajsamand,7,1043,226,1158283,17.35,988,63.93,48.44,79.52,4655

24.585445,73.712479,Rajasthan,Udaipur,17,2146,536,3067549,23.66,958,62.74,49.1,75.91,11724

23.841668,73.7146623,Rajasthan,Dungarpur,10,976,266,1388906,25.39,990,60.78,46.98,74.66,3770

23.5461394,74.4349761,Rajasthan,Banswara,11,1484,373,1798194,26.58,979,57.2,43.47,70.8,4522

24.8887435,74.6269216,Rajasthan,Chittaurgarh,11,1482,315,1544392,16.09,970,62.51,46.98,77.74,7822

25.2138156,75.8647527,Rajasthan,Kota,6,867,250,1950491,24.35,906,77.48,66.32,87.63,5217

25.1011438,76.51316369999999,Rajasthan,Baran,7,1117,228,1223921,19.8,926,67.38,52.48,81.23,6992

24.5973494,76.1609838,Rajasthan,Jhalawar,8,1512,256,1411327,19.57,945,62.13,47.06,76.47,6219

24.0366231,74.7830536,Rajasthan,Pratapgarh (Raj.),5,771,179,868231,22.84,982,56.3,42.4,70.13,4449

29.967079,77.55101719999999,Uttar Pradesh,Saharanpur,14,1357,127,3464228,19.59,887,72.03,63.3,79.77,3689

29.4726817,77.7085091,Uttar Pradesh,Muzaffarnagar,12,594,86,4138605,16.8,886,70.11,60,79.11,4008

29.3724422,78.1358472,Uttar Pradesh,Bijnor,16,1919,159,3683896,17.64,913,70.43,61.45,78.7,4561

28.8386481,78.7733286,Uttar Pradesh,Moradabad,10,1141,69,4773138,25.25,903,58.67,49.63,66.83,3718

28.7893041,79.0249516,Uttar Pradesh,Rampur,7,1116,85,2335398,21.4,905,55.08,46.19,63.1,2367

28.77159650000001,78.3387066,Uttar Pradesh,Jyotiba Phule Nagar,8,1027,93,1838771,22.66,907,65.7,53.77,76.53,2249

28.9844618,77.7064137,Uttar Pradesh,Meerut,14,771,175,3447405,15.01,885,74.8,65.69,82.91,2559

28.9421618,77.22614519999999,Uttar Pradesh,Baghpat,7,312,57,1302156,11.87,858,73.54,61.22,84.17,1321

28.6691565,77.45375779999999,Uttar Pradesh,Ghaziabad,6,318,31,4661452,41.66,878,85,81.42,88.16,1179

28.338333,77.6077865,Uttar Pradesh,Gautam Buddha Nagar,4,399,37,1674714,39.32,852,82.2,72.78,90.23,1282

28.406963,77.8498292,Uttar Pradesh,Bulandshahr,22,1394,188,3498507,20.09,892,70.23,56.6,82.52,4512

27.8973944,78.0880129,Uttar Pradesh,Aligarh,14,1672,136,3673849,22.78,876,69.61,57.48,80.24,3650

27.6056212,78.0537813,Uttar Pradesh,Hathras,9,996,76,1565678,17.19,870,73.1,60.79,83.83,1840

27.4924134,77.673673,Uttar Pradesh,Mathura,13,1199,123,2541894,22.53,858,72.65,58.93,84.39,3340

27.1766701,78.00807449999999,Uttar Pradesh,Agra,17,1945,138,4380793,21,859,69.44,59.16,78.32,4041

27.1591961,78.3957331,Uttar Pradesh,Firozabad,11,1339,140,2496761,21.62,867,74.6,64.8,83.08,2407

27.5587505,78.66256700000001,Uttar Pradesh,Etah,11,1134,74,1761152,12.77,863,73.27,61.72,83.21,2431

27.22849859999999,79.0249516,Uttar Pradesh,Mainpuri,10,1397,90,1847194,15.69,876,78.26,68.35,86.93,2760

28.0311101,79.1271229,Uttar Pradesh,Budaun,20,1619,143,3712738,20.96,859,52.91,41.76,62.39,5168

28.3670355,79.4304381,Uttar Pradesh,Bareilly,19,1966,154,4465344,23.4,883,60.52,50.35,69.47,4120

28.6207939,79.8128649,Uttar Pradesh,Pilibhit,9,1205,97,2037225,23.83,889,63.58,52.43,73.46,3686

27.883744,79.9122455,Uttar Pradesh,Shahjahanpur,17,2185,161,3002376,17.84,865,61.61,51.73,70.09,4388

27.9462395,80.7787163,Uttar Pradesh,Kheri,19,2117,169,4013634,25.14,887,62.71,52.62,71.58,7680

27.5839037,80.66635600000001,Uttar Pradesh,Sitapur,23,2603,238,4474446,23.62,879,63.38,52.8,72.61,5743

27.3986345,80.1316927,Uttar Pradesh,Hardoi,25,2161,208,4091380,20.39,856,68.89,59.17,77.2,5986

26.5393449,80.4878195,Uttar Pradesh,Unnao,17,2107,202,3110595,15.19,901,68.29,58.54,77.06,4558

26.8466937,80.94616599999999,Uttar Pradesh,Lucknow,9,1166,146,4588455,25.79,906,79.33,73.88,84.27,2528

26.23452979999999,81.2408689,Uttar Pradesh,Rae Bareli,19,1989,162,3404004,18.51,941,69.04,58.06,79.39,4609

27.38261259999999,79.59405439999999,Uttar Pradesh,Farrukhabad,9,1174,94,1887577,20.2,874,70.57,60.51,79.34,2181

27.0514156,79.9136731,Uttar Pradesh,Kannauj,9,819,98,1658005,19.37,879,74.01,64.46,82.36,2093

26.8117116,79.0046898,Uttar Pradesh,Etawah,9,1330,86,1579160,17.95,867,79.99,71.16,87.64,2311

26.6869797,79.4703885,Uttar Pradesh,Auraiya,8,1133,90,1372287,16.3,864,80.25,71.97,87.37,2016

26.526707,79.8296743,Uttar Pradesh,Kanpur Dehat,10,1354,119,1795092,14.82,862,77.52,68.48,85.27,3021

26.4148245,80.23213129999999,Uttar Pradesh,Kanpur Nagar,20,1091,175,4572951,9.72,852,81.31,76.89,85.07,3155

26.1270922,79.4703885,Uttar Pradesh,Jalaun,13,1159,86,1670718,14.87,865,75.16,63.88,84.89,4565

25.4484257,78.5684594,Uttar Pradesh,Jhansi,10,945,71,2000755,14.66,885,76.37,64.88,86.58,5024

24.6878597,78.41202059999999,Uttar Pradesh,Lalitpur,7,713,49,1218002,24.57,905,64.95,52.26,76.41,5039

25.9548043,80.15262709999999,Uttar Pradesh,Hamirpur (U.P.),10,680,66,1104021,5.78,860,70.16,57.19,81.27,4021

25.2920964,79.8724168,Uttar Pradesh,Mahoba,5,452,41,876055,23.66,880,66.94,54.65,77.72,3144

25.4796224,80.3380213,Uttar Pradesh,Banda,9,487,72,1799541,17.06,863,68.11,54.95,79.38,4408

25.1788154,80.86545339999999,Uttar Pradesh,Chitrakoot,6,345,49,990626,29.29,879,66.52,54.03,77.42,3216

25.9200736,80.8099941,Uttar Pradesh,Fatehpur,15,1606,180,2632684,14.05,900,68.78,57.76,78.69,4152

25.8973038,81.9452981,Uttar Pradesh,Pratapgarh,18,1877,188,3173752,16.2,994,73.1,60.99,85.29,3717

25.5064864,81.42789839999999,Uttar Pradesh,Kaushambi,8,876,117,1596909,23.49,905,63.69,50.76,75.35,1779

25.4358011,81.846311,Uttar Pradesh,Allahabad,22,2311,295,5959798,20.74,902,74.41,62.67,85,5482

26.9268042,81.1833809,Uttar Pradesh,Barabanki,16,1992,157,3257983,21.86,908,63.76,54.1,72.49,4402

26.7732476,82.1441643,Uttar Pradesh,Faizabad,17,1218,143,2468371,18.16,961,70.63,60.72,80.21,2341

26.4683952,82.6915429,Uttar Pradesh,Ambedkar Nagar,10,1374,113,2398709,18.35,976,74.37,64.62,83.95,2350

26.2647757,82.07270609999999,Uttar Pradesh,Sultanpur,15,1341,117,3790922,17.92,978,71.14,60.17,81.99,4436

27.5708377,81.5980246,Uttar Pradesh,Bahraich,15,1594,142,3478257,46.08,891,51.1,40.76,60.23,5237

27.5977504,81.9534815,Uttar Pradesh,Shrawasti,5,803,54,1114615,-5.25,875,49.13,37.07,59.55,1640

27.4308339,82.3017728,Uttar Pradesh,Balrampur (U.P),11,1281,108,2149066,27.74,922,51.76,40.92,61.66,3349

27.1339913,81.96189679999999,Uttar Pradesh,Gonda,19,1791,181,3431386,24.07,922,61.16,49.13,72.23,4003

27.2715633,82.82097399999999,Uttar Pradesh,Siddharthnagar,14,1703,155,2553526,25.17,970,61.81,49.61,73.79,2895

26.8176796,82.7633133,Uttar Pradesh,Basti,15,1762,166,2461056,18.05,959,69.69,58.35,80.65,2688

26.7671755,83.03613759999999,Uttar Pradesh,Sant Kabir Nagar,9,1147,99,1714300,20.71,969,69.01,56.99,80.72,1646

27.1446035,83.5621737,Uttar Pradesh,Maharajganj,17,1057,118,2665292,22.61,938,64.3,50.14,77.62,2952

29.4438165,75.67026469999999,Uttar Pradesh,Gorakhpur,20,2291,192,4436275,17.69,944,73.25,61.54,84.38,3321

26.7398787,83.8869698,Uttar Pradesh,Kushinagar,15,1444,145,3560830,23.08,955,67.66,54.74,80.1,2905

26.5024286,83.7791283,Uttar Pradesh,Deoria,18,1725,194,3098637,14.23,1013,73.53,61.34,86.07,2540

26.0737044,83.1859458,Uttar Pradesh,Azamgarh,23,2618,283,4616509,17.17,1017,72.69,62.65,83.08,4054

25.9496379,83.5586445,Uttar Pradesh,Mau,10,751,124,2205170,18.94,978,75.16,65.59,84.61,1713

25.8307174,84.1857115,Uttar Pradesh,Ballia,18,1651,178,3223642,16.73,933,73.82,61.72,85.19,2981

25.7490034,82.69870019999999,Uttar Pradesh,Jaunpur,22,2355,260,4476072,14.43,1018,73.66,61.7,86.06,4038

25.5840419,83.57702019999999,Uttar Pradesh,Ghazipur,17,1675,204,3622727,19.26,951,74.27,62.29,85.77,3377

25.1793639,83.2934086,Uttar Pradesh,Chandauli,10,1189,128,1952713,18.83,913,73.86,63.07,83.58,2541

25.3176452,82.9739144,Uttar Pradesh,Varanasi,10,1331,119,3682194,17.32,909,77.05,68.2,85.12,1535

25.1336987,82.5644344,Uttar Pradesh,Mirzapur,13,1469,106,2494533,17.89,900,70.38,58.77,80.83,4405

24.45702379999999,82.99316069999999,Uttar Pradesh,Sonbhadra,8,1033,67,1862612,27.27,913,66.18,54.11,77.19,6905

25.38726999999999,82.5680309,Uttar Pradesh,Bhadoi,7,805,80,1554203,14.81,950,71.1,57.79,83.87,1015

27.79515469999999,78.792953,Uttar Pradesh,Kanshiram Nagar,10,886,80,1438156,17.05,879,62.3,50.2,72.91,1955

27.1543104,84.3542049,Bihar,Pashchim Champaran,18,1210,193,3922780,28.89,906,58.06,46.79,68.16,5228

26.6098139,84.8567932,Bihar,Purba Champaran,27,1534,251,5082868,29.01,901,58.26,47.36,68.02,3968

26.5145872,85.29423129999999,Bihar,Sheohar,5,183,34,656916,27.32,890,56,47.25,63.72,349

26.5952476,85.4808393,Bihar,Sitamarhi,17,852,169,3419622,27.47,899,53.53,43.4,62.56,2294

26.4627955,86.17517590000001,Bihar,Madhubani,21,1102,241,4476044,25.19,925,60.9,48.3,72.53,3501

26.2899113,86.8220341,Bihar,Supaul,11,623,94,2228397,28.62,925,59.65,46.63,71.65,2425

26.1311375,87.445534,Bihar,Araria,9,990,140,2806200,30,921,55.1,45.18,64.15,2830

26.0917422,87.93838219999999,Bihar,Kishanganj,7,978,131,1690948,30.44,946,57.04,47.98,65.56,1884

25.7771391,87.4752551,Bihar,Purnia,14,1188,165,3273127,28.66,930,52.49,43.19,61.09,3229

25.552048,87.57186089999999,Bihar,Katihar,16,1621,173,3068149,28.23,916,53.56,45.37,60.99,3057

25.9286903,86.79097589999999,Bihar,Madhepura,13,404,126,1994618,30.65,914,53.78,42.75,63.82,1788

25.8834961,86.6006249,Bihar,Saharsa,10,651,107,1897102,25.79,906,54.57,42.73,65.22,1687

26.111868,85.89600399999999,Bihar,Darbhanga,19,1168,191,3921971,19,910,58.26,46.88,68.58,2279

26.1208876,85.3647201,Bihar,Muzaffarpur,16,1828,258,4778610,27.54,898,65.68,56.82,73.61,3172

26.4685472,84.4433318,Bihar,Gopalganj,14,1358,120,2558037,18.83,1015,67.04,56.03,78.38,2033

26.2196205,84.35665929999999,Bihar,Siwan,19,1405,171,3318176,22.25,984,71.59,60.35,82.77,2219

25.8559698,84.8567932,Bihar,Saran,20,1564,178,3943098,21.37,949,68.57,56.89,79.71,2641

25.6838206,85.35496499999999,Bihar,Vaishali,16,1187,182,3495249,28.58,892,68.56,59.1,77,2036

25.8629679,85.7810263,Bihar,Samastipur,20,1138,182,4254782,25.33,909,63.81,53.52,73.09,2904

25.41667499999999,86.1293792,Bihar,Begusarai,18,870,134,2954367,25.75,894,66.23,57.1,74.36,1918

25.4838168,86.7013894,Bihar,Khagaria,7,287,88,1657599,29.46,883,60.87,52.16,68.51,1486

25.3478004,86.9824288,Bihar,Bhagalpur,17,1394,156,3032226,25.13,879,64.96,56.49,72.3,2569

24.8874179,86.919838,Bihar,Banka,11,1340,178,2029339,26.14,907,60.12,49.4,69.76,3020

25.3747561,86.47352509999999,Bihar,Munger,9,535,78,1359054,19.45,879,73.3,65.53,80.06,1419

25.1860504,86.1344697,Bihar,Lakhisarai,7,471,61,1000717,24.74,900,64.95,54.89,73.98,1228

25.0847746,85.8895551,Bihar,Sheikhpura,6,355,43,634927,20.82,926,65.96,54.93,76.14,689

25.2621826,85.47880649999999,Bihar,Nalanda,20,1114,189,2872523,21.18,921,66.41,54.76,77.11,2355

25.5940947,85.1375645,Bihar,Patna,24,1600,266,5772804,22.34,892,72.47,63.72,80.28,3202

25.466155,84.5222189,Bihar,Bhojpur,14,1204,159,2720155,21.27,900,72.79,60.2,84.08,2395

25.5647103,83.9777482,Bihar,Buxar,11,767,101,1707643,21.77,922,71.77,59.84,82.78,1703

25.0426227,83.6055732,Bihar,Kaimur (Bhabua),11,1101,73,1626900,27.54,919,71.01,59.56,81.49,3332

25.06858780000001,84.01674229999999,Bihar,Rohtas,19,1907,200,2962593,20.22,914,75.59,64.95,85.29,3881

25.1515827,84.981754,Bihar,Jehanabad,7,512,69,1124176,21.34,918,68.27,56.24,79.3,931

24.7033198,84.3542049,Bihar,Aurangabad (Bihar),11,1690,172,2511243,24.75,916,72.77,62.05,82.52,3305

24.7913957,85.0002336,Bihar,Gaya,24,2334,252,4379383,26.08,932,66.35,55.9,76.02,4976

24.7425589,85.52002399999999,Bihar,Nawada,14,953,132,2216653,22.49,936,61.63,51.09,71.4,2494

24.764688,86.3376761,Bihar,Jamui,10,1054,143,1756078,25.54,921,62.16,49.44,73.77,3098

25.1643264,84.6688348,Bihar,Arwal,5,307,33,699563,19.01,927,69.54,56.85,81.27,638

27.8236356,88.55653099999999,Sikkim,North Sikkim,4,69,16,43354,5.66,769,77.39,69.92,83.03,4226

27.3031986,88.2071598,Sikkim,West Sikkim,7,250,33,136299,10.58,941,78.69,72.12,84.86,1166

27.28584,88.3945669,Sikkim,South Sikkim,8,230,32,146742,11.57,914,82.06,76.57,87.06,750

27.3083637,88.6723578,Sikkim,East Sikkim,10,207,30,281293,14.79,872,84.67,79.41,89.22,954

27.5780678,91.87574219999999,Arunachal Pradesh,Tawang,6,131,10,49950,28.33,701,60.61,48.75,68.54,2172

27.3427633,92.30244599999999,Arunachal Pradesh,West Kameng,5,166,16,87013,16.64,755,69.4,60.8,75.66,7422

27.4231261,93.0175712,Arunachal Pradesh,East Kameng,8,271,24,78413,37.14,1012,62.48,54.18,70.95,4134

27.1719019,93.7029002,Arunachal Pradesh,Papum Pare,5,312,16,176385,44.57,950,82.14,76.65,87.33,3462

27.6169349,93.83915569999999,Arunachal Pradesh,Lower Subansiri,3,157,19,82839,48.65,975,76.33,70.1,82.4,3508

27.786802,94.33596349999999,Arunachal Pradesh,Upper Subansiri,9,253,18,83205,50.34,982,63.96,60.51,67.36,7032

28.147254,94.7484518,Arunachal Pradesh,West Siang,10,230,17,112272,8.04,916,67.62,60.76,73.89,8325

28.1097051,95.1432068,Arunachal Pradesh,East Siang,4,93,12,99019,13.3,962,73.54,67.9,78.94,3603

28.7588781,95.22666749999999,Arunachal Pradesh,Upper Siang,6,80,9,35289,5.77,891,59.94,55.22,64.09,6590

28.8128767,96.15269850000001,Arunachal Pradesh,Dibang Valley,3,26,7,7948,9.3,808,64.8,59.1,69.39,9129

27.9039651,96.17391160000001,Arunachal Pradesh,Lohit,2,62,6,145538,16.44,901,69.88,61.62,77.25,5212

27.7421763,96.642433,Arunachal Pradesh,Changlang,7,305,14,147951,17.96,914,61.9,52.08,70.8,4662

26.9942703,95.5407299,Arunachal Pradesh,Tirap,3,103,4,111997,11.63,931,52.23,41.83,61.87,2362

27.7995361,93.5538411,Arunachal Pradesh,Kurung Kumey,6,159,8,89717,111.01,1029,50.67,44.31,57.28,6040

28.1428728,95.8431018,Arunachal Pradesh,Lower Dibang Valley,3,86,10,53986,7.01,919,70.38,63.56,76.62,3900

28.0138014,94.3395996,Arunachal Pradesh,Anjaw,4,90,8,21089,13.77,805,59.4,46.39,69.54,6190

26.8038362,94.976654,Nagaland,Mon,5,139,5,250671,-3.83,898,56.6,52.39,60.38,1786

26.260562,94.81592099999999,Nagaland,Tuensang,5,126,14,196801,5.81,930,73.7,70.4,76.76,2536

26.3220358,94.5134629,Nagaland,Mokokchung,6,128,6,193171,-16.77,927,92.68,91.74,93.55,1615

26.00928309999999,94.5237707,Nagaland,Zunheboto,5,202,5,141014,-8.79,981,86.26,83.61,88.86,1255

26.0910351,94.25897379999999,Nagaland,Wokha,3,138,42,166239,3.11,969,87.6,84.58,90.53,1628

25.8629885,93.75366629999999,Nagaland,Dimapur,5,277,30,379769,23.23,916,85.44,82.54,88.07,927

25.6585963,94.10533070000001,Nagaland,Kohima,6,121,6,270063,22.66,927,85.58,81.56,89.28,1463

25.7374645,94.43879,Nagaland,Phek,4,109,5,163294,10.19,951,79.13,73.5,84.53,2026

26.4901992,94.81966399999999,Nagaland,Longleng,2,37,2,74033,-30.54,961,71.1,65.44,75.6,562

25.8187605,94.8520636,Nagaland,Kiphire,3,95,3,50593,-58.39,903,73.1,70.35,76.54,1130

25.5225378,93.66232389999999,Nagaland,Peren,3,106,7,94954,4.61,917,79,73.57,83.96,1651

25.3203312,94.15137639999999,Manipur,Senapati,6,531,30,354972,25.16,939,75,68.8,80.85,3271

24.98793419999999,93.49529199999999,Manipur,Tamenglong,4,249,32,140143,25.69,953,70.4,63.76,76.74,4391

24.2993576,93.2583626,Manipur,Churachandpur,6,405,19,271274,19.03,969,84.29,80.13,88.34,4570

24.6303603,93.7598288,Manipur,Bishnupur,2,109,10,240363,15.36,1000,76.35,67.29,85.52,496

24.6449243,93.99929000000002,Manipur,Thoubal,2,144,12,420517,15.48,1006,76.66,67.57,85.9,514

24.7827837,93.88589549999999,Manipur,Imphal West,3,187,44,514683,15.82,1029,86.7,80.71,92.93,519

24.7806536,93.9674371,Manipur,Imphal East,3,223,23,452661,14.63,1011,82.81,75.92,89.86,709

24.9320611,94.479976,Manipur,Ukhrul,5,242,40,183115,30.07,948,81.87,77.47,86.05,4544

24.1827492,94.15137639999999,Manipur,Chandel,4,332,15,144028,21.72,932,70.85,63.26,77.93,3313

23.6473811,92.539603,Mizoram,Mamit,4,82,17,85757,36.59,924,85.96,81.37,90.15,3025

24.224565,92.67602509999999,Mizoram,Kolasib,3,45,11,83054,25.92,956,94.54,93.53,95.5,1382

23.727107,92.7176389,Mizoram,Aizawl,11,183,51,404054,24.07,1009,98.5,98,99.01,3576

23.4565708,93.32819289999999,Mizoram,Champhai,4,109,23,125370,15.66,981,93.51,92.2,94.8,3185

23.3416578,92.8502302,Mizoram,Serchhip,3,49,12,64875,20.45,976,98.76,98.28,99.24,1421

22.86706909999999,92.7655358,Mizoram,Lunglei,4,134,25,154094,12.29,944,89.4,85.85,92.74,4536

22.5284445,92.89263419999999,Mizoram,Lawngtlai,5,169,19,117444,59.53,945,66.41,57.62,74.68,2557

22.489734,92.979269,Mizoram,Saiha,2,80,11,56366,-7.68,978,88.41,85.8,91,1399

23.899682,91.4048249,Tripura,West Tripura,12,150,46,1724619,12.5,964,88.91,84.76,92.91,2993

23.2317493,91.55961169999999,Tripura,South Tripura,9,174,51,875144,14.03,957,85.41,79.64,90.94,3057

23.8466982,91.9099238,Tripura,Dhalai,9,176,56,377988,22.78,945,86.82,80.83,92.45,2400

24.0797139,92.2630393,Tripura,North Tripura,9,103,63,693281,17.32,967,88.29,84.69,91.77,2036

25.5679372,90.2244662,Meghalaya,West Garo Hills,7,1083,92,642923,24.02,979,68.38,63.34,73.31,3677

25.5671692,90.52578229999999,Meghalaya,East Garo Hills,3,518,41,317618,26.75,968,75.51,71.32,79.56,2603

25.3300969,90.563609,Meghalaya,South Garo Hills,4,640,51,142574,41.19,944,72.39,67.72,76.77,1887

25.5624625,91.28910359999999,Meghalaya,West Khasi Hills,4,806,73,385601,30.25,981,79.3,78.3,80.29,5247

25.8431574,91.985621,Meghalaya,Ri Bhoi,3,586,52,258380,34.02,951,77.22,75.85,78.52,2448

25.3681768,91.7538817,Meghalaya,East Khasi Hills,9,828,107,824059,24.68,1008,84.7,84.15,85.26,2748

25.5021272,92.341887,Meghalaya,Jaintia Hills,3,296,53,392852,31.34,1008,63.26,66.71,59.75,3819

26.5136208,90.2244662,Assam,Kokrajhar,4,967,140,886999,5.19,958,66.63,59.54,73.44,3296

26.0206982,89.9743463,Assam,Dhubri,7,1042,200,1948632,24.4,952,59.36,54.26,64.2,2176

26.0875755,90.563609,Assam,Goalpara,4,694,127,1008959,22.74,962,68.67,64.53,72.67,1824

26.5009992,90.5352356,Assam,Bongaigaon,4,501,67,732639,19.58,961,70.44,65.18,75.48,1093

26.3215985,90.9820668,Assam,Barpeta,7,831,161,1693190,21.4,951,65.03,59.04,70.72,2282

26.3160819,91.5983959,Assam,Kamrup-Rural,9,921,159,1517202,15.67,946,72.81,67.69,77.64,3105

26.4446185,91.4410527,Assam,Nalbari,4,447,98,769919,11.74,945,79.89,73.85,85.58,1052

26.45228759999999,92.02731899999999,Assam,Darrang,3,547,95,908090,19.51,923,64.55,60.4,68.36,1585

26.2599654,92.2630393,Assam,Morigaon,4,534,98,957853,23.39,974,69.37,64.99,73.66,1551

26.3463713,92.6840426,Assam,Nagaon,11,1311,251,2826006,22.09,962,73.78,69.21,78.19,3973

26.6738851,92.8577105,Assam,Sonitpur,7,1533,179,1925975,15.67,946,69.96,62.53,76.98,5204

27.2063587,94.15137639999999,Assam,Lakhimpur,6,993,165,1040644,17.06,965,78.39,71.91,84.66,2277

27.608731,94.7691586,Assam,Dhemaji,3,1089,101,688077,20.3,949,69.07,62.13,75.66,3237

27.4921909,95.346775,Assam,Tinsukia,5,817,99,1316948,14.51,948,70.92,63.54,77.89,3790

27.4728327,94.9119621,Assam,Dibrugarh,6,1069,107,1327748,12.04,952,76.22,69.52,82.59,3381

26.9826098,94.6424521,Assam,Sibsagar,6,833,149,1150253,9.37,951,81.36,75.69,86.75,2668

26.7465203,94.2025859,Assam,Jorhat,6,789,136,1091295,9.21,956,83.42,78.22,88.38,2851

26.5238515,93.96233699999999,Assam,Golaghat,5,888,105,1058674,11.88,961,78.31,72.18,84.2,3502

25.8456764,93.43775839999999,Assam,Karbi Anglong,11,668,190,965280,18.69,956,73.52,64.62,82.12,10434

25.3478004,93.0175712,Assam,Dima Hasao,5,706,79,213529,13.53,931,78.99,72.15,85.34,4888

24.7821253,92.8577105,Assam,Cachar,8,1175,176,1736319,20.17,958,80.36,74.62,85.85,3786

24.8649128,92.3591531,Assam,Karimganj,6,995,112,1217002,20.74,961,79.72,73.49,85.7,1809

24.6811018,92.5638055,Assam,Hailakandi,3,386,103,659260,21.44,946,75.26,68.54,81.61,1327

26.6935448,91.5983959,Assam,Baksa,4,665,116,953773,11.17,967,70.53,62.23,78.55,2457

26.6539048,90.6393702,Assam,Chirang,2,506,61,481818,11.26,969,64.71,57.87,71.35,1923

26.6897159,91.9099238,Assam,Udalguri,3,734,96,832769,9.76,966,66.6,59.17,73.79,2012

26.0794316,91.63721500000001,Assam,Kamrup-Metro,2,192,46,1260419,18.95,922,88.66,85.82,91.26,955

27.0360066,88.2626751,West Bengal,Darjiling,12,876,28,1842034,14.47,971,79.92,73.74,85.94,3149

26.5434772,88.7205256,West Bengal,Jalpaiguri,11,1107,139,3869675,13.77,954,73.79,66.65,80.61,6227

26.3356861,89.44585099999999,West Bengal,Koch Bihar,18,1634,148,2822780,13.86,942,75.49,69.08,81.52,3387

25.9810393,88.050979,West Bengal,Uttar Dinajpur,13,1131,115,3000849,22.9,936,60.13,53.15,66.65,3140

25.3715308,88.55653099999999,West Bengal,Dakshin Dinajpur,10,920,78,1670931,11.16,954,73.86,67.81,79.63,2219

25.1785773,88.24611829999999,West Bengal,Maldah,17,1848,155,3997970,21.5,939,62.71,57.84,67.27,3733

24.1759039,88.2801785,West Bengal,Murshidabad,33,3142,286,7102430,21.07,957,67.53,63.88,71.02,5324

23.8401675,87.6186379,West Bengal,Birbhum,25,1704,184,3502387,16.15,956,70.9,64.07,77.42,4545

23.2324214,87.8614793,West Bengal,Barddhaman,42,3175,349,7723663,12.01,943,77.15,70.47,83.44,7024

23.4709656,88.55653099999999,West Bengal,Nadia,27,2227,232,5168488,12.24,947,75.58,71.35,79.58,3927

22.6168099,88.402895,West Bengal,North Twenty Four Parganas,50,3042,338,10082852,12.86,949,84.95,81.05,88.66,4094

22.896256,88.24611829999999,West Bengal,Hugli,31,2301,64,5520389,9.49,958,82.55,76.95,87.93,3149

23.2312686,87.07838749999999,West Bengal,Bankura,25,2179,223,3596292,12.64,954,70.95,60.44,81,6882

23.3320779,86.365208,West Bengal,Puruliya,23,1743,176,2927965,15.43,955,65.38,51.29,78.85,6259

22.5957689,88.26363940000002,West Bengal,Haora,17,1666,286,4841638,13.31,935,83.85,79.73,87.69,1467

22.572646,88.36389500000001,West Bengal,Kolkata,1,141,94,4486679,-1.88,899,87.14,84.98,89.08,185

22.1352378,88.4016041,West Bengal,South  Twenty Four Parganas,36,3803,349,8153176,18.05,949,78.57,72.09,84.72,9960

21.9372879,87.77633329999999,West Bengal,Purba Medinipur,30,3963,61,5094238,15.32,936,87.66,81.81,93.14,4713

22.4080376,87.38107269999999,West Bengal,Paschim Medinipur,37,3430,324,5943300,14.44,960,79.04,71.11,86.66,9368

24.1084558,83.67739279999999,Jharkhand,Garhwa,19,794,78,1322387,27.71,933,62.18,49.43,74,4093

24.1286106,84.1857115,Jharkhand,Palamu,20,1634,144,1936319,25.94,929,65.5,53.87,76.27,4393

24.2065083,84.87242839999999,Jharkhand,Chatra,12,1169,116,1042304,28.98,951,62.14,51.91,71.85,3718

23.99662129999999,85.36910680000001,Jharkhand,Hazaribag,16,1063,114,1734005,25.75,946,70.48,59.25,81.15,3555

24.4676805,85.59336449999999,Jharkhand,Kodarma,6,589,30,717169,32.59,949,68.35,54.77,81.25,2540

24.19135,86.2996368,Jharkhand,Giridih,13,2573,146,2445203,28.33,943,65.12,50.33,79.08,4962

24.4763201,86.6913222,Jharkhand,Deoghar,10,2085,105,1491879,28.02,921,66.34,52.39,79.13,2477

24.7850676,87.30161319999999,Jharkhand,Godda,9,1381,120,1311382,25.14,933,57.68,44.9,69.56,2266

25.2381216,87.64535920000002,Jharkhand,Sahibganj,9,1282,74,1150038,23.96,948,53.73,44.31,62.65,2063

24.6336908,87.8500644,Jharkhand,Pakaur,6,933,55,899200,28.15,985,50.17,41.23,59.02,1811

24.2854664,87.2419299,Jharkhand,Dumka,10,2143,128,1321096,19.39,974,62.54,49.6,75.17,3761

23.7956531,86.43038589999999,Jharkhand,Dhanbad,9,1155,107,2682662,11.91,908,75.71,64.7,85.68,2040

23.6692956,86.15111200000001,Jharkhand,Bokaro,9,780,101,2061918,15.99,916,73.48,61.46,84.5,2883

23.3440997,85.309562,Jharkhand,Ranchi,18,1344,131,2912022,23.9,950,77.13,68.2,85.63,5097

23.43375039999999,84.6479124,Jharkhand,Lohardaga,7,352,46,461738,26.67,985,68.29,57.86,78.62,1502

23.0441295,84.53794549999999,Jharkhand,Gumla,12,1202,120,1025656,23.21,993,66.92,56.97,76.87,5360

22.3650858,85.4375574,Jharkhand,Pashchimi Singhbhum,18,1531,126,1501619,21.69,1004,59.54,47.01,72.18,7224

22.4866756,86.49965460000001,Jharkhand,Purbi Singhbhum,11,1323,148,2291032,15.53,949,76.13,67.33,84.51,3562

23.9505496,86.81701319999999,Jharkhand,Jamtara,6,1117,80,790207,21,959,63.73,50.08,76.85,1811

22.8561261,86.0121573,Jharkhand,Saraikela-Kharsawan,9,1217,55,1063458,25.28,958,68.85,56.19,81.01,2657

22.62756539999999,84.68974949999999,Jharkhand,Simdega,10,450,69,599813,16.62,1000,67.59,59.38,75.84,3774

23.7555791,84.3542049,Jharkhand,Latehar,9,696,50,725673,29.38,964,61.23,50.26,71.8,4291

23.0797595,85.2774207,Jharkhand,Khunti,6,657,63,530299,21.96,994,64.51,53.71,75.33,2535

23.6523678,85.56121,Jharkhand,Ramgarh,6,392,58,949159,13.06,921,73.92,63.49,83.51,1341

21.5383136,84.7289442,Odisha,Deogarh,4,491,51,312164,13.88,976,73.07,63.36,82.62,2940

22.1240025,84.043175,Odisha,Sundergarh,21,1594,222,2080664,13.66,971,74.13,65.93,82.13,9712

21.5151196,85.684578,Odisha,Keonjhar,17,1857,191,1802777,15.42,987,69,58.7,79.22,8303

22.0086978,86.41873079999999,Odisha,Mayurbhanj,30,3238,384,2513895,13.06,1005,63.98,53.18,74.92,10418

21.4869337,86.9246005,Odisha,Balasore,16,1830,207,2317419,14.47,957,80.66,72.95,88.06,3806

21.0582737,86.4958396,Odisha,Bhadrak,9,1094,124,439917,17.82,991,72.51,60.44,89.92,2505

20.5848321,86.6611083,Odisha,Kendrapara,11,1238,152,1439891,10.59,1006,85.93,79.51,92.45,2644

20.1975828,86.3376761,Odisha,Jagatsinghpur,11,1051,130,1136604,7.47,967,87.13,80.88,93.2,1668

20.462521,85.8829895,Odisha,Cuttack,19,1515,214,2618708,11.86,955,84.2,77.64,90.51,3932

20.7652197,86.17517590000001,Odisha,Jajpur,12,1448,152,1826275,12.43,972,80.44,73.37,87.36,2899

20.6503455,85.5972218,Odisha,Dhenkanal,12,913,140,1192948,11.82,947,79.41,71.4,87.08,4452

20.8444033,85.1510818,Odisha,Angul,11,1220,134,1271703,11.55,942,78.96,70.44,87.06,6375

20.1654348,85.02334599999999,Odisha,Nayagarh,10,1024,103,962215,11.3,916,79.17,71.08,86.63,3890

20.130141,85.47880649999999,Odisha,Khordha,15,1097,182,2246341,19.65,925,87.51,82.06,92.55,2813

19.8133822,85.8314655,Odisha,Puri,15,1295,192,1697983,13,963,85.37,78.67,91.84,3479

19.5859712,84.68974949999999,Odisha,Ganjam,40,2460,338,3520151,11.37,981,71.88,61.84,81.85,8206

19.1912221,84.1857115,Odisha,Gajapati,9,1179,133,575880,10.99,1042,54.29,43.59,65.58,4325

20.1342042,84.01674229999999,Odisha,Kandhamal,14,1584,167,731952,12.92,1037,65.12,52.46,78.41,8021

20.6607447,84.14351359999999,Odisha,Boudh,4,762,61,1506522,12.95,981,83.25,76.49,84.49,3098

20.8480141,83.8950042,Odisha,Sonepur,9,746,94,652107,20.35,959,74.42,63.63,84.78,2337

20.7074234,83.4842725,Odisha,Bolangir,19,1774,209,1648574,23.29,983,65.5,53.77,77.08,6575

20.5070532,82.605118,Odisha,Nuapada,8,627,87,606490,14.28,1020,58.2,45.21,71.55,3852

19.9137363,83.1649001,Odisha,Kalahandi,17,1641,210,1573054,17.79,1003,60.22,47.27,73.34,7920

19.171209,83.4163226,Odisha,Rayagada,14,1843,182,961959,15.74,1048,50.88,39.87,62.61,7073

19.5001322,82.3017728,Odisha,Nabarangpur,12,870,166,1218762,18.81,1018,48.2,37.22,59.45,5291

18.8560564,82.7347142,Odisha,Koraput,18,1585,179,1376934,16.63,1031,49.87,38.92,61.29,8807

18.1640803,81.9534815,Odisha,Malkangiri,9,790,110,612727,21.53,1016,49.49,38.95,60.29,5791

23.3875499,82.38857829999999,Chhattisgarh,Koriya,5,694,81,659039,12.4,971,71.41,61.01,81.52,6604

22.9494079,83.1649001,Chhattisgarh,Surguja,7,630,113,2361329,19.74,976,61.16,50.88,71.23,15732

22.7874503,83.8473015,Chhattisgarh,Jashpur,8,813,135,852043,14.65,1004,68.6,59.05,78.24,5838

22.0077536,83.33618799999999,Chhattisgarh,Raigarh (Chhattisgarh),9,1360,168,1493627,18.02,993,73.7,63.25,84.17,7086

22.3594501,82.75005949999999,Chhattisgarh,Korba,5,797,118,1206563,19.25,971,73.22,62.26,83.88,6598

21.9705529,82.4752757,Chhattisgarh,Janjgir - Champa,9,927,132,1620632,23.01,986,73.7,61.72,85.59,3853

22.0796251,82.1391412,Chhattisgarh,Bilaspur (Chhattisgarh),7,1064,108,2662077,33.21,972,71.59,60.12,82.77,8272

22.0089506,81.22434439999999,Chhattisgarh,Kawardha,4,932,90,822239,40.66,997,61.95,48.94,74.99,4235

21.0971034,81.0302222,Chhattisgarh,Rajnandgaon,9,1691,151,1537520,19.82,1017,76.97,66.98,87.19,8070

21.1904494,81.2849169,Chhattisgarh,Durg,3,567,61,3343079,18.95,988,79.69,70.51,88.8,8535

21.2513844,81.62964130000002,Chhattisgarh,Raipur,4,721,86,4062160,34.65,983,76.43,66.21,86.5,12383

21.1705408,82.605118,Chhattisgarh,Mahasamund,5,1172,120,1032275,20,1018,71.54,60.37,83.01,4790

20.7014999,81.55415789999999,Chhattisgarh,Dhamtari,4,696,81,799199,13.11,1012,78.95,69.24,88.84,4084

20.2727132,81.4883097,Chhattisgarh,Kanker,7,1268,137,748593,15,1007,70.97,61.08,80.98,7161

19.1071317,81.9534815,Chhattisgarh,Baster,7,887,133,1411644,17.83,1024,54.94,44.49,65.7,10470

18.8456296,81.38393260000001,Chhattisgarh,Dantewada,4,360,53,532791,11.9,1022,42.67,32.88,52.69,8298

25.67282,76.6961305,Madhya Pradesh,Sheopur,3,598,29,687952,22.96,902,58.02,44.45,70.3,6606

26.4933562,77.99099489999999,Madhya Pradesh,Morena,7,839,64,1965137,23.38,839,72.07,57.64,84.2,4989

26.4450034,78.74762079999999,Madhya Pradesh,Bhind,6,1128,70,1703562,19.25,838,76.59,63.96,87.2,4459

26.2182871,78.18283079999999,Madhya Pradesh,Gwalior,5,791,56,2030543,24.41,862,77.93,68.29,86.3,4560

25.6845378,78.5660852,Madhya Pradesh,Datia,3,686,34,786375,18.4,875,73.5,60.21,85.2,2902

25.4357869,77.665066,Madhya Pradesh,Shivpuri,8,1630,80,1725818,22.74,877,63.73,49.47,76.2,10066

24.63481969999999,77.2979782,Madhya Pradesh,Guna,5,1263,70,1240938,26.91,910,65.1,52.53,76.6,6390

24.7456147,78.8320779,Madhya Pradesh,Tikamgarh,6,843,66,1444920,20.11,901,62.57,50.71,73.3,5048

24.9163562,79.5811827,Madhya Pradesh,Chhatarpur,8,1824,74,1762857,19.54,884,64.9,54.34,74.2,8687

24.7180311,80.1819268,Madhya Pradesh,Panna,5,1145,63,1016028,18.62,907,66.08,55.55,75.6,7135

23.838805,78.7378068,Madhya Pradesh,Sagar,11,1896,90,2378295,17.62,896,77.52,67.71,86.3,10252

23.8380986,79.44217309999999,Madhya Pradesh,Damoh,7,988,56,1263703,16.58,913,70.92,59.9,81,7306

24.6005075,80.8322428,Madhya Pradesh,Satna,8,1840,99,2228619,19.17,927,73.79,63.42,83.4,7502

24.5372927,81.30418,Madhya Pradesh,Rewa,9,1778,143,2363744,19.79,930,73.42,62.49,83.7,6314

23.6013747,81.0754657,Madhya Pradesh,Umaria,3,591,33,643579,24.73,953,67.34,56.06,78.1,4076

23.3021885,81.3568021,Madhya Pradesh,Shahdol,5,859,57,1064989,17.27,968,68.36,58.16,78.3,6205

24.2071092,81.77870209999999,Madhya Pradesh,Sidhi,5,941,64,1126515,23.66,952,66.09,55.23,76.5,4851

24.4763852,74.8624092,Madhya Pradesh,Neemuch,3,763,35,825958,13.76,959,71.81,57.25,85.9,4256

24.076836,75.06929520000001,Madhya Pradesh,Mandsaur,5,904,51,1339832,13.19,966,72.75,58.3,86.8,5535

23.3341696,75.0376325,Madhya Pradesh,Ratlam,6,1224,68,1454483,19.67,973,68.03,56.45,79.4,4861

23.1793013,75.7849097,Madhya Pradesh,Ujjain,7,1195,60,1986597,16.11,954,73.55,61.4,85.2,6091

23.42729379999999,76.2729839,Madhya Pradesh,Shajapur,4,630,40,1512353,17.17,939,70.17,56.36,83.2,6195

22.9622672,76.0507949,Madhya Pradesh,Dewas,6,1167,59,1563107,19.48,941,70.53,58.27,82.1,7020

22.769666,74.5920921,Madhya Pradesh,Jhabua,6,819,65,1024091,30.58,989,44.45,34.29,54.7,3600

22.6012922,75.3024655,Madhya Pradesh,Dhar,13,1626,114,2184672,25.53,961,60.57,49.69,71.1,8153

22.7195687,75.8577258,Madhya Pradesh,Indore,5,762,49,3272335,32.71,924,82.32,74.89,89.2,3898

21.8335244,75.61498929999999,Madhya Pradesh,Khargone,9,1208,98,1872413,22.81,963,63.98,53.68,74,8025

22.0363157,74.903339,Madhya Pradesh,Barwani,7,708,78,1385659,27.55,981,50.23,43.07,57.3,5427

21.8257334,76.352571,Madhya Pradesh,Khandwa,7,756,47,1309443,21.44,944,67.53,56.54,77.9,7352

23.8508581,76.7336521,Madhya Pradesh,Rajgarh,6,1626,77,1546541,23.32,955,62.68,49.79,75.1,6153

23.5251102,77.8081363,Madhya Pradesh,Vidisha,7,1430,73,1458212,20.03,897,72.08,61.67,81.4,7371

23.2599333,77.412615,Madhya Pradesh,Bhopal,4,548,32,2368145,28.46,911,82.26,76.57,87.4,2772

23.205012,77.08507809999999,Madhya Pradesh,Sehore,5,1116,58,1311008,21.51,918,71.11,58.86,82.4,6578

23.3301074,77.78428509999999,Madhya Pradesh,Raisen,7,1404,74,1331699,18.36,899,74.26,65.09,82.5,8466

21.9011601,77.8960201,Madhya Pradesh,Betul,10,1525,79,1575247,12.91,970,70.14,61.63,78.4,10043

22.1983884,77.10249019999999,Madhya Pradesh,Harda,3,522,24,570302,20.21,932,74.04,64.3,83.1,3334

22.744108,77.73696699999999,Madhya Pradesh,Hoshangabad,7,1014,54,1240975,14.45,912,76.52,67.04,85.2,6703

23.8308453,80.4072255,Madhya Pradesh,Katni,6,947,54,1291684,21.38,948,73.62,62.47,84.2,4950

23.181467,79.9864071,Madhya Pradesh,Jabalpur,8,1372,63,2460714,14.39,925,82.47,75.3,89.1,5211

22.946557,79.1943534,Madhya Pradesh,Narsimhapur,6,1030,52,1092141,14.04,917,76.79,67.64,85.2,5133

22.9417931,81.07684549999999,Madhya Pradesh,Dindori,7,851,51,704218,21.26,1004,65.47,53.49,77.6,7470

22.5979218,80.3713855,Madhya Pradesh,Mandla,9,1205,73,1053522,17.81,1005,68.28,57.2,79.5,5800

22.057437,78.9381729,Madhya Pradesh,Chhindwara,11,1910,99,2090306,13.03,966,72.21,63.38,80.8,11815

22.0868691,79.5434841,Madhya Pradesh,Seoni,8,1544,80,1378876,18.2,984,73.01,64.14,81.8,8758

21.8603434,80.365865,Madhya Pradesh,Balaghat,10,1709,78,1701156,13.56,1021,78.29,69.71,87.1,9229

24.5775148,77.7318495,Madhya Pradesh,Ashoknagar,4,847,33,844979,22.65,900,67.9,54.18,80.2,4674

23.0729222,81.77870209999999,Madhya Pradesh,Anuppur,4,623,46,749521,12.35,975,69.08,57.89,80.1,3747

21.31938749999999,76.22242729999999,Madhya Pradesh,Burhanpur,2,306,21,756993,19.23,951,65.28,57.12,73.1,3427

22.3403431,74.4994517,Madhya Pradesh,Alirajpur,6,612,62,728677,19.4,1009,37.22,30.97,43.6,3182

24.19921009999999,82.66454689999999,Madhya Pradesh,Singrauli,3,714,55,1178132,28.03,916,62.36,49.86,73.8,5675

23.7337326,69.8597406,Gujarat,Kachchh,10,1011,247,2090313,32.03,907,71.58,61.62,80.6,45674

24.34547389999999,71.7622481,Gujarat,Banas Kantha,14,1377,282,3116045,24.43,936,66.39,52.58,79.45,10743

23.8493246,72.1266255,Gujarat,Patan,9,679,109,1342746,13.53,935,73.47,62.01,84.28,5792

23.5879607,72.36932519999999,Gujarat,Mahesana,10,730,146,2027727,9.91,925,84.26,76.12,91.88,4401

23.8476704,72.99329689999999,Gujarat,Sabar Kantha,8,684,167,2427346,16.56,950,76.6,65.29,87.45,7394

23.2156354,72.63694149999999,Gujarat,Gandhinagar,4,490,96,1387478,12.15,920,85.78,77.37,93.59,2140

23.022505,72.5713621,Gujarat,Ahmedabad,11,683,186,7208200,22.31,903,86.65,80.29,92.44,8107

22.7738938,71.6673352,Gujarat,Surendranagar,10,602,124,1755873,15.89,929,73.19,62.2,83.47,10423

22.3038945,70.80215989999999,Gujarat,Rajkot,12,640,150,3799770,19.87,924,82.2,75.26,88.67,11198

22.4707019,70.05773,Gujarat,Jamnagar,6,432,110,2159130,13.38,938,74.4,65.97,82.35,14184

21.6417069,69.6292654,Gujarat,Porbandar,3,163,48,586062,9.17,947,76.63,68.32,84.56,2316

21.522184,70.4578768,Gujarat,Junagadh,10,521,100,2742291,12.01,952,76.88,67.59,85.8,8831

21.6031774,71.2220832,Gujarat,Amreli,11,626,120,1513614,8.59,964,74.49,66.97,81.82,7397

21.7644725,72.15193040000001,Gujarat,Bhavnagar,10,697,147,2877961,16.53,931,76.84,66.92,86.15,10034

22.5645175,72.928871,Gujarat,Anand,8,362,164,2090276,12.57,921,85.79,77.76,93.23,3204

22.750651,72.68466579999999,Gujarat,Kheda,10,558,179,2298934,12.81,937,84.31,74.67,93.4,3953

22.8011177,73.55941279999999,Gujarat,Panch Mahals,7,578,171,2388267,17.92,945,72.32,59.95,84.07,5231

22.8596159,74.12399599999999,Gujarat,Dohad,8,736,175,2126558,29.95,986,60.6,49.02,72.14,3642

22.3071588,73.1812187,Gujarat,Vadodara,9,890,138,4157568,14.16,934,81.21,74.4,87.59,7546

21.8757175,73.55941279999999,Gujarat,Narmada,5,651,84,590379,14.77,960,73.29,63.62,82.6,2817

21.7051358,72.9958748,Gujarat,Bharuch,9,711,131,1550822,13.14,924,83.03,76.79,88.8,6509

21.1702401,72.83106070000001,Gujarat,Surat,10,872,170,6079231,42.19,788,86.65,81.02,91.05,4549

20.8253781,73.7007088,Gujarat,The Dangs,3,311,42,226769,21.44,1007,76.8,68.75,84.98,1766

20.9467019,72.95203479999999,Gujarat,Navsari,6,399,103,1330711,8.24,961,84.78,79.3,90.06,2246

20.5992349,72.9342451,Gujarat,Valsad,6,486,135,1703068,20.74,926,80.94,74.96,86.48,3008

21.2788724,73.6065223,Gujarat,Tapi,7,556,81,806489,12.07,1004,69.23,61.69,76.86,3139

20.7144094,70.9873719,Daman & Diu,Diu,1,13,3,52056,17.73,1030,83.36,75.83,91.24,39

20.3973736,72.8327991,Daman & Diu,Daman,1,26,4,190855,67.43,533,88.06,81.14,91.53,72

20.3228778,72.96672540000002,Dadra & Nagar Haveli,Dadra And Nagar Haveli(Ut),1,70,11,342853,55.5,775,77.65,65.93,86.46,491

21.3700906,74.240336,Maharashtra,Nandurbar,6,1206,96,1646177,25.5,972,63.04,53.9,71.98,5955

20.9042201,74.7748979,Maharashtra,Dhule,5,896,89,2048781,19.96,941,74.61,66.21,82.59,7195

21.0076578,75.5626039,Maharashtra,Jalgaon,16,1437,173,4224442,14.71,922,79.73,70.92,87.97,11765

20.4560976,76.3637285,Maharashtra,Buldana,13,1212,140,2588039,15.93,928,82.09,72.95,90.69,9661

20.7002159,77.0081678,Maharashtra,Akola,8,853,99,1818617,11.6,942,87.55,81.91,92.89,5676

20.1119123,77.1312586,Maharashtra,Washim,6,683,74,1196714,17.23,926,81.7,72.26,90.54,4898

20.9374238,77.7795513,Maharashtra,Amravati,15,1465,167,2887826,10.77,947,88.23,83.52,92.7,12210

20.745319,78.60219459999999,Maharashtra,Wardha,8,876,92,1296157,4.8,946,87.22,81.89,92.27,6309

21.1458004,79.0881546,Maharashtra,Nagpur,18,1793,200,4653171,14.39,948,89.52,85.07,93.76,9892

21.1750113,79.6558242,Maharashtra,Bhandara,7,749,63,1198810,5.52,984,85.14,77.02,93.17,4087

21.4624491,80.2209773,Maharashtra,Gondiya,8,973,89,1322331,10.13,996,85.41,77.3,93.54,5234

19.4968732,80.2767327,Maharashtra,Gadchiroli,12,1539,103,1071795,10.46,975,70.55,60.66,80.21,14412

19.9704597,79.30148450000002,Maharashtra,Chandrapur,15,1536,141,2194262,5.95,959,81.35,73.65,88.73,11443

20.3887937,78.1204073,Maharashtra,Yavatmal,16,1755,193,2775457,12.9,947,80.7,72.41,88.58,13582

19.13825139999999,77.3209555,Maharashtra,Nanded,17,1643,176,3356566,16.7,937,76.94,66.68,86.62,10528

19.7173703,77.1493722,Maharashtra,Hingoli,5,765,68,1178973,19.43,935,76.04,64.73,86.73,4827

19.2609958,76.77666500000001,Maharashtra,Parbhani,10,874,87,1835982,20.18,940,75.22,64.27,85.66,6214

19.8296893,75.88003049999999,Maharashtra,Jalna,8,1128,107,1958483,21.84,929,73.61,61.28,85.25,7718

19.8761653,75.3433139,Maharashtra,Aurangabad (Maharashtra),11,1427,139,3695928,27.33,917,80.4,70.81,89.31,10107

19.9974533,73.78980229999999,Maharashtra,Nashik,18,2037,288,6109052,22.33,931,80.96,73.43,88.03,15530

19.2183307,72.9780897,Maharashtra,Thane,12,1202,195,11054131,35.94,880,86.18,80.78,90.9,9558

19.1538231,72.8751786,Maharashtra,Mumbai (Suburban),12,47,149,9332481,8.01,857,90.9,86.93,90.54,446

19.0759837,72.8776559,Maharashtra,Mumbai Ii,7,30,37,3145966,-5.75,838,88.48,86.03,94.28,157

18.5157519,73.1821623,Maharashtra,Raigarh (Maharashtra),15,1782,237,2635394,19.36,955,83.89,76.79,90.68,7152

18.5204303,73.8567437,Maharashtra,Pune,20,1921,386,9426959,30.34,910,87.19,81.13,92.72,15643

19.0952075,74.7495916,Maharashtra,Ahmadnagar,15,1584,261,4543083,12.43,934,80.22,71.15,88.81,17048

18.9890893,75.76007849999999,Maharashtra,Bid,12,1794,167,2585962,19.65,912,73.53,62.29,83.99,10693

18.4087934,76.5603828,Maharashtra,Latur,12,1193,137,2455543,18.04,924,79.03,70.02,87.42,7157

18.2069636,76.17837390000001,Maharashtra,Osmanabad,8,764,81,1660311,11.69,920,76.33,66.67,85.31,7569

17.6599188,75.9063906,Maharashtra,Solapur,13,1203,231,4315527,12.1,932,77.72,68.55,86.35,14895

17.6804639,74.018261,Maharashtra,Satara,11,2026,227,3003922,6.94,986,84.2,76.29,92.09,10480

16.990215,73.31202329999999,Maharashtra,Ratnagiri,9,1459,254,1612672,-4.96,1123,82.43,74.55,91.43,8208

16.3492193,73.55941279999999,Maharashtra,Sindhudurg,8,721,144,848868,-2.3,1037,86.54,79.73,93.68,5207

16.7049873,74.24325270000001,Maharashtra,Kolhapur,13,1298,190,3874015,9.96,953,82.9,74.18,91.33,7685

16.8523973,74.5814773,Maharashtra,Sangli,11,784,152,2820575,9.18,964,82.62,74.66,90.4,8572

18.294846,83.8937761,Andhra Pradesh,Srikakulam,38,1521,397,2699471,6.38,1014,62.3,52.56,72.25,5837

18.10665759999999,83.39555059999999,Andhra Pradesh,Vizianagaram,34,1366,243,2342868,4.16,1016,59.49,50.16,69.04,6539

17.6868159,83.2184815,Andhra Pradesh,Visakhapatnam,43,2197,332,4288113,11.89,1003,67.7,60,75.48,11161

17.32125,82.0407137,Andhra Pradesh,East Godavari,64,1447,445,5151549,5.1,1005,71.35,67.82,74.91,10807

16.9174181,81.3399414,Andhra Pradesh,West Godavari,48,871,367,3934782,3.45,1004,74.32,71.05,77.63,7742

16.60999139999999,80.7214417,Andhra Pradesh,Krishna,50,927,414,4529009,8.15,997,74.37,69.62,79.13,8727

16.30665249999999,80.4365402,Andhra Pradesh,Guntur,57,718,378,4889230,9.5,1003,67.99,60.64,75.4,11391

15.348463,79.560344,Andhra Pradesh,Prakasam,56,957,371,3392764,10.9,981,63.53,53.4,73.54,17626

14.4425987,79.98645599999999,Andhra Pradesh,Nellore,46,1044,307,2966082,11.15,986,69.15,62.3,75.93,13076

14.4673541,78.82413389999999,Andhra Pradesh,Kadapa,51,835,381,2884524,10.87,984,67.88,57.26,78.41,15359

15.8281257,78.0372792,Andhra Pradesh,Kurnool,54,904,308,4046601,14.65,984,61.13,50.81,71.36,17658

14.6818877,77.6005911,Andhra Pradesh,Anantapur,63,916,565,4083315,12.16,977,64.28,54.31,74.09,19130

13.217176,79.1003289,Andhra Pradesh,Chittoor,66,1372,568,4170468,11.33,1002,72.36,63.65,81.15,15152

15.8496953,74.4976741,Karnataka,Belgaum,6,807,126,4778439,13.38,969,73.94,64.74,82.9,13433

16.1725355,75.6557206,Karnataka,Bagalkot,6,785,126,1890826,14.46,984,69.39,58.55,80.16,6552

16.8301708,75.710031,Karnataka,Bijapur (Karnataka),7,764,178,2175102,20.38,954,67.2,56.54,77.41,10498

17.9148799,77.5046101,Karnataka,Bidar,5,803,130,1700018,13.16,952,71.01,61.66,79.94,5448

16.2120031,77.3439283,Karnataka,Raichur,5,946,125,1924773,15.27,992,60.46,49.56,71.35,8442

15.6218951,76.17837390000001,Karnataka,Koppal,4,676,81,1391292,16.32,983,67.28,56.22,78.21,5570

15.4324651,75.6380337,Karnataka,Gadag,6,439,84,1065235,9.61,978,75.18,65.29,84.89,4657

15.45892359999999,75.007808,Karnataka,Dharwad,7,427,84,1846993,15.13,967,80.3,73.57,86.83,4260

14.7937065,74.6868815,Karnataka,Uttara Kannada,5,442,86,1436847,6.15,975,84.03,78.21,89.72,10277

14.7959027,75.3971254,Karnataka,Haveri,7,840,110,1598506,11.08,951,77.6,70.65,84.22,4823

15.1393932,76.9214428,Karnataka,Bellary,8,674,128,2532383,24.92,978,67.85,58.28,77.24,8461

14.2305594,76.39845369999999,Karnataka,Chitradurga,6,1087,151,1660378,9.39,969,73.82,66.05,81.37,8436

14.4644085,75.921758,Karnataka,Davanagere,7,878,131,1946905,8.71,967,76.3,69.39,83.02,5924

13.9299299,75.568101,Karnataka,Shimoga,7,1468,170,1755512,6.88,995,80.5,74.89,86.11,8478

13.3408807,74.7421427,Karnataka,Udupi,5,308,79,1177908,5.9,1093,86.29,81.41,91.69,3582

13.315258,75.7754018,Karnataka,Chikkamangalore,8,950,123,1137753,-0.28,1005,79.24,72.88,85.66,7202

13.3391677,77.1139984,Karnataka,Tumkur,6,1450,179,2681449,3.74,979,74.32,66.45,82.05,10597

13.1362143,78.12909859999999,Karnataka,Kolar,6,1506,145,1540231,11.04,976,74.33,66.56,81.94,3979

13.2846993,77.6077865,Karnataka,Bangalore Rural,4,899,89,987257,16.02,945,78.29,70.73,85.44,2298

12.5643952,76.7336521,Karnataka,Mandya,8,1355,145,1808680,2.55,989,70.14,62.1,78.14,4962

13.0068142,76.0995519,Karnataka,Hassan,8,1971,208,1776221,3.17,1005,75.89,68.3,83.55,6814

12.8437814,75.2479061,Karnataka,Dakshina Kannada,7,487,114,2083625,9.8,1018,88.62,84.04,93.31,4861

12.3374942,75.8069082,Karnataka,Kodagu,3,286,42,554762,1.13,1019,82.52,77.91,87.24,4102

12.2958104,76.6393805,Karnataka,Mysore,9,1636,171,2994744,13.39,982,72.56,66.59,78.44,6307

12.0526441,77.2864879,Karnataka,Chamarajanagara,5,694,70,1020962,5.75,989,61.12,54.32,67.88,5648

13.432366,77.7280396,Karnataka,Chikkaballapura,6,1203,121,1254377,9.17,968,70.08,61.55,78.36,4244

12.7094487,77.2807423,Karnataka,Ramanagara,4,779,106,1082739,5.06,976,69.2,61.3,76.92,3516

16.7601963,77.142764,Karnataka,Yadagiri,3,589,76,1172985,22.67,984,52.36,41.31,63.33,5270

15.5163112,73.98300290000002,Goa,North Goa,6,336,66,817761,7.8,959,88.85,83.74,93.77,1736

15.11766,74.12399599999999,Goa,South Goa,6,194,45,639962,8.63,980,85.53,79.42,91.56,1966

10.3280265,72.78463359999999,Lakshadweep,Lakshadweep,3,10,9,64429,6.23,946,92.28,88.25,96.11,30

12.5102239,74.9851678,Kerala,Kasaragod,7,42,88,1302600,8.18,1079,89.85,86.13,93.93,1989

11.8744775,75.37036619999999,Kerala,Kannur,15,142,93,2525637,4.84,1133,95.41,93.57,97.54,2961

11.6853575,76.1319953,Kerala,Wayanad,3,50,38,816558,4.6,1035,89.32,85.94,92.84,2130

11.2587531,75.78041,Kerala,Kozhikode,15,131,121,3089543,7.31,1097,95.24,93.16,97.57,2345

11.0509762,76.0710967,Kerala,Malappuram,15,128,136,4110956,13.39,1096,93.55,91.55,95.78,3554

10.7867303,76.6547932,Kerala,Palakkad,13,124,125,2810892,7.39,1067,88.49,84.99,92.27,4482

10.5276416,76.2144349,Kerala,Thrissur,18,518,169,3110327,4.58,1109,95.32,93.85,96.98,3027

9.9816358,76.2998842,Kerala,Ernakulam,15,164,111,3279860,5.6,1028,95.68,94.27,97.14,3063

9.918897299999998,77.10249019999999,Kerala,Idukki,8,69,61,1107453,-1.93,1006,92.2,89.59,94.84,4356

9.591566799999999,76.5221531,Kerala,Kottayam,13,122,84,1979384,1.32,1040,96.4,95.67,97.17,2206

9.498066699999999,76.3388484,Kerala,Alappuzha,11,108,82,2121943,0.61,1100,96.26,94.8,97.9,1415

9.264758200000001,76.78704139999999,Kerala,Pathanamthitta,9,64,60,1195537,-3.12,1129,96.93,96.26,97.7,2652

8.8932118,76.6141396,Kerala,Kollam,12,106,75,2629703,1.72,1113,93.77,91.95,95.83,2483

8.524139100000001,76.9366376,Kerala,Thiruvananthapuram,12,139,132,3307284,2.25,1088,92.66,90.89,94.6,2189

13.2544335,80.0087746,Tamil Nadu,Thiruvallur,14,1234,133,3725697,35.25,983,83.82,78.39,89.18,3394

13.0826802,80.2707184,Tamil Nadu,Chennai,10,187,110,4681087,7.77,986,90.33,87.16,93.47,175

12.8341735,79.7036402,Tamil Nadu,Kancheepuram,14,903,172,3990897,38.69,985,85.29,80.17,90.34,4483

12.9165167,79.13249859999999,Tamil Nadu,Vellore,22,802,203,3928106,12.96,1004,79.65,72.43,86.96,6075

12.1065271,78.1361409,Tamil Nadu,Dharmapuri,8,1012,100,1502900,16.04,946,64.71,60.03,69.16,4497

12.2252841,79.07469569999999,Tamil Nadu,Tiruvannamalai,18,1470,167,2468965,12.94,993,74.72,65.71,83.73,6188

11.9575509,79.29021329999999,Tamil Nadu,Viluppuram,22,1395,234,3463284,16.99,985,72.08,63.51,80.58,7194

11.664325,78.1460142,Tamil Nadu,Salem,21,601,174,3480008,15.37,954,73.23,65.43,80.7,5237

11.2194391,78.1677236,Tamil Nadu,Namakkal,15,333,83,1721179,15.25,986,74.92,66.68,83.09,3420

11.3410364,77.7171642,Tamil Nadu,Erode,20,626,142,2259608,12.05,992,72.96,65.07,80.81,5760

11.4916043,76.7336521,Tamil Nadu,The Nilgiris,4,53,45,735071,-3.55,1041,85.65,79.44,92.15,2565

11.0168445,76.9558321,Tamil Nadu,Coimbatore,22,566,199,3472578,18.46,1001,84.31,79.16,89.49,4732

10.3673123,77.98029060000002,Tamil Nadu,Dindigul,16,393,164,2161367,12.39,998,76.85,68.82,84.91,6036

10.9600778,78.07660360000001,Tamil Nadu,Karur,8,200,75,1076588,15.06,1015,75.86,67.05,84.86,2904

10.7904833,78.7046725,Tamil Nadu,Tiruchirappalli,16,496,183,2713858,12.22,1013,83.56,77.24,90,4509

11.2409839,78.8665733,Tamil Nadu,Perambalur,10,508,107,564511,14.36,1006,74.68,66.11,83.39,1756

11.7480419,79.7713687,Tamil Nadu,Cuddalore,14,827,172,2600880,13.8,984,79.04,71.2,86.84,3703

10.7656082,79.8423888,Tamil Nadu,Nagapattinam,11,489,100,1614069,8.41,1025,84.09,78,90.38,2569

10.7668127,79.63482479999999,Tamil Nadu,Thiruvarur,10,473,96,1268094,8.43,1020,83.26,77.02,89.65,2274

10.7869994,79.13782739999999,Tamil Nadu,Thanjavur,15,765,165,2402781,8.42,1031,82.72,76.61,89.06,3411

10.379663,78.8208454,Tamil Nadu,Pudukkottai,13,552,145,1618725,10.9,1015,77.76,69.51,86.19,4644

9.972577,78.5660852,Tamil Nadu,Sivaganga,12,615,112,1341250,16.09,1000,80.46,72.33,88.61,4233

9.9252007,78.1197754,Tamil Nadu,Madurai,15,693,165,3041038,17.95,990,81.66,76.74,86.55,3710

9.932983199999997,77.4701972,Tamil Nadu,Theni,8,102,80,1243684,13.69,990,77.62,69.72,85.48,2868

9.568011599999998,77.96244349999999,Tamil Nadu,Virudhunagar,11,466,134,1943309,10.96,1009,80.75,73.14,88.46,4241

9.407134300000001,78.7022678,Tamil Nadu,Ramanathapuram,11,1042,121,1337560,12.63,977,81.48,74.93,87.89,4104

8.9063207,78.0195387,Tamil Nadu,Thoothukkudi,13,637,108,1738376,9.14,1024,86.52,81.77,91.42,4745

8.713912600000002,77.7566523,Tamil Nadu,Tirunelveli,21,548,192,3072880,13.66,1024,82.92,76.38,89.66,6693

8.0883064,77.5384507,Tamil Nadu,Kanniyakumari,9,112,89,1863174,11.17,1010,92.14,90.45,93.86,1684

12.6256834,78.0195387,Tamil Nadu,Krishanagiri,10,1201,122,1883731,20.67,956,72.41,64.86,79.65,5129

16.7271912,82.21757749999999,Puducherry,Yanam,1,6,2,55616,77.15,1039,80.26,77.07,83.63,30

11.9415915,79.8083133,Puducherry,Pondicherry,3,95,22,946600,28.73,1031,86.13,80.4,92.07,294

11.7027158,75.53640419999999,Puducherry,Mahe,1,6,1,41934,13.86,1176,98.35,97.61,99.24,9

10.9254398,79.8380056,Puducherry,Karaikal,1,38,8,200314,17.29,1048,87.83,82.61,93.36,157

12.0705927,92.66149519999999,A & N Islands,Andamans,3,80,16,237586,13.97,874,88.49,84.52,91.91,2672

9.190930399999997,92.81752010000001,A & N Islands,Nicobars,3,42,8,36819,-12.48,778,77.5,70.7,82.65,1841

12.6518832,92.8976254,A & N Islands,Middle And North Andamans,3,76,13,105539,-0.07,925,84.25,79.39,88.72,3736

19.0809075,79.560344,Telangana,Adilabad,52,1555,233,2737738,10.04,1003,61.55,51.99,71.22,16105

18.6725047,78.09408669999999,Telangana,Nizamabad,36,822,129,2552073,8.8,1038,62.25,52.33,72.66,7956

18.4385553,79.1288412,Telangana,Karimnagar,57,1045,203,3811738,9.16,1009,64.87,55.18,74.72,11823

17.8716468,78.11082789999999,Telangana,Medak,46,1214,184,3031877,13.55,989,62.53,52.49,72.5,9699

17.385044,78.486671,Telangana,Hyderabad,16,71,48,4010238,4.71,943,80.96,78.42,83.35,217

17.3891379,77.8367282,Telangana,Ranga Reddy,37,876,137,5296396,48.15,955,78.05,71.82,84,7493

16.7375089,78.0081221,Telangana,Mahbubnagar,64,1458,230,4042191,15.03,975,56.06,45.65,66.27,18432

17.0575707,79.2620294,Telangana,Nalgonda,59,1117,216,3483648,7.26,982,65.05,55.05,74.94,14240

17.9689008,79.59405439999999,Telangana,Warangal,51,993,211,3522644,8.52,994,66.16,56.45,75.91,12846

17.2472528,80.1514447,Telangana,Khammam,41,783,185,2798214,8.5,1010,65.46,57.85,73.2,16029
